Username,AccountNumber,Role,Password,Salt
maiello,796505,CUSTOMER,nm+KIFuLYyJ7IXSii8jNqeotMtElg2lm50vXdkFh+iM=,sRDRrIGG9tMbSLM/5LVgkNZj/NpvLP8J9X6WU591Wxw=
mgutierrez,965772,CUSTOMER,54plspTDRLBn8zfuP8IoI/FkfxmRfL7FmJfxZ/2MaZ8=,5f0DuDXHHYHeNHYU41UOrGLE/r+5XYm6MzK9gay2SgM=
aspoto,935370,CUSTOMER,xSf/8248B4VkIQ3qBUtIvxZpdiIMDgNETDsU9LTQsBk=,4cemV5etevoHUC1p87FeZvjdRPDosjS+jaSzwicttgY=
pschwing,905434,BANKER,9Q8WBlJDlC1K0I05VV2KRWDZyQH/EG+XCH6Qva/xEpo=,CNbzSNIP3ZGuOJrKLftgta6ftVaKVf7MhSUsKKuog3w=
rcasterline,979827,CUSTOMER,riUwO83T8P25E8eZgxUiA3fjZ+EuA+Oy/09hak483jU=,Ue2RQbdzVmIvnXOhCm28ia0MGftT6VRcIXkhv1S7Cx0=
jnephew,180844,BANKER,5aZY+Ckshm3awCVs5WVy7XZQsZA2dGNKs0kodfeXXFI=,SdPfT9M06TdZ0TM7FQ94U7/SS4oTee2vyCmih+qfwhk=
jpalmore,873003,CUSTOMER,OVbG0UpkzcB4GHZIugkhmRdGh3w2vdGFJryidufWCSo=,zJpskAzxc6sy//yABtD5QrCFBlOp3avB4CE5R+1N6nU=
jord,522162,CUSTOMER,vdtpBmGbFIuASYlyOhWNW+i/dnXV909Gqh0hgO/UN94=,p0Hwtej+yhIGkjpuKcsahNiXSXg91mD+XtoSlROq7wI=
cbrandy,800191,CUSTOMER,iApNQNvPCJy5+9170JpoompdBtAd50IBtsyhMmLvOdQ=,KTkjlPXo6jrLNz/ztlpqUK5OeRh8SP3qJy8/H43TJoI=
dwilds,344890,CUSTOMER,glbYcNW97pk+hZIdC8ZMfCNWY9A4S7J0jKe8Sj4eqBc=,p38MQlAkkQ5vzC4/K9q+XpqUG5Sg/yeGErRc9EZXHYc=
jhays,387164,CUSTOMER,VhoYqIM0dOqHf06ShJZwhvDeAItcMhAIr+8/o+RwOTc=,WFmvJVcExD5V5SNUK6xtNJ2cWxK/aP3Cde6wSOLEEpo=
mgaylor,701552,CUSTOMER,LSCFqKhQ4Gs1f39L4rzl5AzGO5Bsrk527nECCLQl81Y=,5nC+kZ1q6KDkFWxbrEipBFyhFt8nrO0mcHiB4zzx6uE=
lbarcelo,229215,CUSTOMER,O3EPQGEyi2IVQYs4N8hPU9nujGSaJvsg1wvMnmWE5fk=,uYxD6pUr0Y3OoNv65U5p1XiuH6F2dGUbK9LGHmDBRHc=
rlongenecker,111320,CUSTOMER,qMuXGDIoGbbwYfNqzEhFQH504BvCvvgVXEo1oMJnFfg=,G+sZi0ZIPgqZ7h85Toxt8J0w+R3nKWTMgrF+feYfuvc=
skeating,452414,CUSTOMER,dN7lIfycbvjcvx+Y+/PZFPsUziLwJS9A0OGDIb6LfNM=,Rm5oUAxnMOJknMb/TBvcUzE9GXFNdgxg2JVJZLYZ7P4=
mbornstein,966802,CUSTOMER,kRHfoI/KMz1CTFwQQNDiTM+9vyD5vSk2x8ESxsCcYMU=,fTGi+oD7sREqmEcgilD+qp7bPoJvPA0ytQcsfthOAQ4=
jmaliszewski,441835,CUSTOMER,MXwAIzntNglUP5w2V873Bi4dYnS+YR92O3VnCTSCcL0=,cQiabtGfYPA+ewLbcRPsQw7NpfhYxIf+/Gv0I4EMzYo=
csnyder,128496,CUSTOMER,dSDQiyPAoMhViDNVJVUk00yJz/5YOT/xaVZEz7yzFUQ=,i+tXsHK1daOAzw7QZKz1ysu2m7sP0ml4g9/fxHQIRO4=
jmayfield,411085,CUSTOMER,fCJ2eHSngpjQnKquNH8Xdd+K4f6bpBblCgp0AHBVHWs=,wH2AB0PAhuJoVZr4EwpoRrYLpBgDYqWFWfq7+uSuDpI=
lbackman,110406,CUSTOMER,VKi1m8xheoQx9tOwVSuORL7FfIfImP4WgpkgJkB7agc=,w9K7IRDG4b1xqslr9gRvet+hUuQzSsDtElQdkALjKWE=
bpolite,816918,CUSTOMER,cHK2EmCHSzjkFQ8bEfINnC5zT5KIlhk/JfybOThmL20=,7CwX5MBZVyVhrWXRnV3K+NaLkf+9GY2nE+AnMtUm4kQ=
jbauder,183296,CUSTOMER,Lt3cLRuIFXSE968XrcMZ/wzJkJFEkh/IDb0i5G5U9Lo=,thmNAVie06PmbN5HQjN2/ivfGiZhsJ5Kvdug7f8taRU=
vfonte,797070,CUSTOMER,fXIr3oncp+PiAGbINHCVLNwQwqP9guToLjamSNoVFRs=,10tlIywLFWOiYtJ0wvqPyivgL7qlrxMsBt8mOdNkshg=
aboyington,153477,CUSTOMER,fZbyPTfDHbim7tfkAOmsCrdns+JCKs0+noN93cY28vg=,EWN+GuT7XztY+u7oKF8QqCotimgmVnfdfn+3K3zcHzI=
crichardson,262716,CUSTOMER,jt17o7RpHXz9EpAc813kMxZ+Y5AgtdK44A1ie1KRt3E=,1XA+wytoVYJV9XgQIlDyRGo7NpcikVadUzwzxHrtnfg=
aloney,311857,CUSTOMER,v/V8bhS2JQ4kOlCpaGuotWYu3OonrDModtHJzX3FIaE=,RhGSeYP7lg7Ev/lbaGOov2oe+gDg/PwLoLcyByf+RDE=
mmarcos,317311,CUSTOMER,R9Qw5FP+vSrBE5U1VARIU3Se+00mK3tyzmCsEWhK618=,GWI3LZ/d/qOA1t9rea4NOHnYbQB864YdSIOYxnbdrMQ=
ssmythe,696746,CUSTOMER,7hg+lc/4gMLhM1Hg3Mt5a5O3UdlVLtVw2PXUYdz+o2w=,Ej+bwdo5QPofdWkUJQyMYgkuBGlURE6j0Bapy5A4+7s=
telvin,432059,CUSTOMER,dww0GHgBWvcJf887JiXua6cGX4MdioF0+dFWLhZvExw=,IXkQlkhOL9yAhMlDiaDhkr7r6IOX0K2vmWEoacZIwQE=
caltman,125086,CUSTOMER,QQ/bBUTHyw/5S0eiBdyMj6/wUJzumTgE9FWPXhvy84o=,UcqX/OJ9pE3VnJ27oEPE4yvG2kloYjcYC0NfaFknhQI=
adidion,529761,CUSTOMER,T/cTG/fWeJjNyYWFHMZdh16Iky4gyUC3Zh39U2M7i0s=,X6LIJN9gB2iTFLLjjiN6JHO3mhYk/bdUjjBeIvbVzu8=
lparks,243971,CUSTOMER,dB6AiXNbF3vltH9pyTAsGHreECeWMecLMoQKeaSg0Q4=,4GA3u/iSQQZMlpqivpKGxFXJC2/fYj3DdqeMaN/GNJg=
jsartain,940688,CUSTOMER,emR1sM6gO5JAXBFDfVR6yxjHQQycnFu3ku21jO2US7Y=,UQHmRm+JP9I32QJHTW5+l7Yo/o/AXsjEnQJ+QL7+l0A=
dfines,366153,CUSTOMER,PcN+GneFgNE9eHxwVsw7UkbWWPEtVP24jCk5HqYZ6gI=,PkAixF/yURHJYPnbbla1VcIlC1JicSa9HRQWEoXjnCI=
ccaley,230046,CUSTOMER,S6gM2f/9BMpGaN4J3i8YQLze0I9Rsrim+TrR3h4P8mc=,etVd5dntNiBOa3LVYw82bZkBvR4i/h9Suy7QFfNDOzU=
jpergande,398638,CUSTOMER,j6PlaCP0U4UDPa8dip+arxvc8kcdwKz5f2JgT6+/YAQ=,qKjbl7npYyYfW/nXmbt0mFmlI5UvfQ/kmyBK2gE4MBM=
jhewett,914535,CUSTOMER,1Fsqth9kSSo1jz1pJgLdZtxawvkhGmTsNPq6UhTV6PU=,oFG73gi7MXv6jULtMYH44bD2E6+8+56ex3JbHA3AJOI=
mcurnutte,514264,CUSTOMER,SEMk0FNMe7TeWNc/c59Tq3ZqhBAc7lHOVrg505KogV8=,dE6UVMpezbMIK/zCLJTIs9inTgBQtl1UzWzXUacfaf8=
jwischmeier,419451,CUSTOMER,3Hej5YaQV5YsKQFouCbBVa5YFCtym6YWrcCbx8hlS8k=,PZDp/NH9ipwoU2rf+pWaRVN1A18cSdHDM/fBP/hBqVE=
sforet,815148,CUSTOMER,DK+e7TF3EQPxHtx4JBPZT9dZRIoJNysLH4/Z7Uu8df0=,DWKodlyEwIQoliMvH9NnjW5J3tvxuyJv4a/VNf8tWjg=
mgiammarino,144552,CUSTOMER,42ZF/tpUlYswTd9dbABOBjd3EacTPwmhR+QKPsMo/Wc=,5gQGFX9eCTf463Wgh5L/6nNlUXK03Ssy+8fQZ5bdAPg=
jchretien,325491,CUSTOMER,Q1TCBwNKwzgEKd0/mGFs3D1Mvytx9q4SqX0cYaE1uEQ=,vRLH9i6zC+46j+HOJ6awCvO3JM8ACMZ2/LIjCRfoJNY=
mnegley,615429,CUSTOMER,QkNooakItZGqmWtnbcIzbHhf/cBpW9qBldqnVgzeYvI=,ynwyArj7TMsaYgclzEG28D+EsgFFJvAAOu9rlMhvOLk=
sstoll,603845,CUSTOMER,474dnzgA33J2zhEjhDQjkLV2NcRpdn3TAa+hoRgxNuw=,DWfQOIDnRDNliIIuqtZgLpcxMeFQfIxSCCeJ7ynZgHE=
buselton,872934,CUSTOMER,RmEdOB5QdPUoI4d+Rvtyxf2OseeUCtop0huSt/xw+A4=,at7WPTrDs9K9p7oa4I/h/TZcfDVQ4VF2aaQA6oDulz8=
skissinger,341722,CUSTOMER,WmDE8agSYX8V2rKm20Qv8stxe2kKUdjoS0Ku+vav830=,el6dM8aQF+jY8cLfdQXpZB0ejqF9XhoG77KllqB6P7M=
